entrant_id,rank,n_games,final_rating,win_rate,main_arch,main_arch_share,tier
E001,1,2049,1339.3856145575785,0.6388,Budew / Dragapult ex,1.0,T1
E002,2,2256,1267.1545663478291,0.5625,Hydrapple ex / Meganium,0.504,T1
E003,3,2382,1251.5649876250166,0.5466,Blaziken ex / Dragapult ex,1.0,T1
E004,4,2455,1218.1479947284945,0.5511,Budew / Dragapult ex,1.0,T1
E005,5,2315,1217.2002351414135,0.5421,Budew / Dragapult ex,1.0,T1
E006,6,2478,1209.839648362306,0.5496,Mega Kangaskhan ex / Slowking,1.0,T1
E007,7,2390,1203.2409949719274,0.5397,Mega Kangaskhan ex / Slowking,0.501,T1
E008,8,2409,1203.1596841986911,0.533,Dragapult ex / Dudunsparce,1.0,T1
E009,9,1810,1190.9300931093485,0.5138,Fezandipiti / Sylveon,0.672,T1
E010,10,2393,1182.4525724122802,0.5353,Budew / Dragapult ex,0.504,T1
E011,11,2308,1177.221647692866,0.5351,Dragapult ex / Munkidori,0.513,T1
E012,12,2176,1169.214810033822,0.5496,Mega Kangaskhan ex / Slowking,0.54,T1
E013,13,2281,1150.6816168552562,0.5344,Hariyama / Mega Lucario ex,0.512,T1
E014,14,2370,1149.7200812420024,0.5266,Alakazam / Dudunsparce,0.501,T2
E015,15,2127,1128.3037628073355,0.5491,Mega Kangaskhan ex / Meowth ex,1.0,T2
E016,16,1675,1127.8990917053482,0.5104,Budew / Dragapult ex,1.0,T2
E017,17,2099,1127.2112223722384,0.5179,Kyurem / Slowking,1.0,T2
E018,18,2334,1127.0370675406025,0.5291,Hydrapple ex / Meganium,1.0,T2
E019,19,2245,1126.1719775450026,0.5394,Crustle / Mega Kangaskhan ex,0.549,T2
E020,20,2350,1124.5864538193207,0.5221,Arboliva ex / Meganium,0.503,T2
E021,21,2184,1123.4277300080123,0.5353,Mega Kangaskhan ex / Slowking,0.5,T2
E022,22,2255,1119.5793337027612,0.5322,Mega Kangaskhan ex / Slowking,1.0,T2
E023,23,2308,1117.0532188928685,0.5256,Hydrapple ex / Meganium,1.0,T2
E024,24,1873,1116.9691059480351,0.5216,Hydrapple ex / Meganium,1.0,T2
E025,25,2260,1114.4057532927964,0.5248,Budew / Dragapult ex,1.0,T2
E026,26,970,1107.2517888283028,0.5299,Dipplin / Rillaboom,0.951,T2
E027,27,2101,1101.1429100776131,0.5302,Mega Kangaskhan ex / Slowking,0.531,T2
E028,28,1997,1098.4075735646427,0.5233,Hydrapple ex / Meganium,0.539,T2
E029,29,2236,1092.8157636420185,0.5322,Mega Kangaskhan ex / Slowking,1.0,T2
E030,30,1675,1091.6355622377691,0.5116,Budew / Dragapult ex,1.0,T2
E031,31,1625,1090.0620686034747,0.5095,Alakazam / Dudunsparce,1.0,T2
E032,32,2073,1088.3238680879474,0.5335,Dudunsparce / Mega Froslass ex,1.0,T2
E033,33,1383,1087.5121519234378,0.5155,Budew / Dragapult ex,1.0,T2
E034,34,1904,1086.4865375875136,0.5105,Mega Kangaskhan ex / Slowking,0.608,T2
E035,35,1432,1085.2294851173158,0.5126,Mega Kangaskhan ex / Slowking,1.0,T2
E036,36,1979,1084.388176674677,0.5407,Alakazam / Dudunsparce,0.546,T2
E037,37,706,1084.038107321507,0.4901,Alakazam / Dudunsparce,0.69,T2
E038,38,1729,1080.8853002749706,0.502,Crustle / Munkidori,0.531,T2
E039,39,1339,1079.663993011518,0.4683,Dudunsparce / Mega Froslass ex,0.603,T2
E040,40,1308,1075.3749611363064,0.5107,Mega Kangaskhan ex / Slowking,0.648,T2
E041,41,1449,1071.799691713609,0.4872,Hydrapple ex / Meganium,1.0,T2
E042,42,595,1071.0362056141782,0.4706,Dragapult ex / Dudunsparce,0.815,T2
E043,43,801,1070.1273325865477,0.5056,Mega Kangaskhan ex / Slowking,0.866,T2
E044,44,504,1068.872564234671,0.4663,Budew / Dragapult ex,0.716,T2
E045,45,309,1066.557272608073,0.4628,Alakazam / Dudunsparce,1.0,T2
E046,46,664,1065.4577704643036,0.4548,Crustle / Mega Kangaskhan ex,0.508,T2
E047,47,487,1058.6649683683283,0.4723,Alakazam / Dudunsparce,1.0,T2
E048,48,560,1058.3020498900732,0.4125,Dudunsparce / Mega Froslass ex,1.0,T2
E049,49,1493,1056.1950304547304,0.5044,Alakazam / Dudunsparce,0.547,T2
E050,50,391,1056.0525182377114,0.4399,Froslass / Marnie's Grimmsnarl ex,0.742,T2
E051,51,854,1054.3256944720529,0.4438,Dudunsparce / Mega Froslass ex,1.0,T2
E052,52,816,1053.3850255345872,0.5037,Latias ex / Lillie’s Clefairy ex,1.0,T2
E053,53,312,1044.8448444911044,0.5032,Hydrapple ex / Meganium,0.827,T2
E054,54,707,1043.772224991738,0.4767,Alakazam / Dudunsparce,1.0,T2
E055,55,1184,1042.7389870706315,0.4721,Budew / Dragapult ex,1.0,T2
E056,56,398,1041.6328249038236,0.4095,Alakazam / Dudunsparce,1.0,T2
E057,57,424,1041.0108176693147,0.4057,Budew / Dragapult ex,1.0,T2
E058,58,1347,1038.2833636531363,0.4989,Dipplin / Thwackey,1.0,T2
E059,59,644,1036.5902015899903,0.4363,Hydrapple ex / Meganium,0.78,T2
E060,60,172,1036.4364287885094,0.4477,Alakazam / Dudunsparce,0.884,T2
E061,61,940,1036.055673561944,0.4872,Budew / Dragapult ex,1.0,T2
E062,62,628,1035.474964611834,0.4793,Hydrapple ex / Meganium,1.0,T2
E063,63,901,1034.3726902016222,0.485,Hydrapple ex / Meganium,1.0,T2
E064,64,225,1034.258974687079,0.4578,Budew / Dragapult ex,0.88,T2
E065,65,432,1033.9280676572455,0.4537,Hydrapple ex / Meganium,1.0,T2
E066,66,783,1032.753002382439,0.4432,Dragapult ex / Munkidori,1.0,T3
E067,67,648,1032.7368012822546,0.4954,Crustle / Mega Kangaskhan ex,1.0,T3
E068,68,233,1031.80121553855,0.3948,Alakazam / Dudunsparce,1.0,T3
E069,69,201,1031.6351681037927,0.4229,Alakazam / Dudunsparce,1.0,T3
E070,70,1457,1031.1295475777708,0.5038,Hydrapple ex / Meganium,0.597,T3
E071,71,845,1029.5315871245082,0.4746,Budew / Dragapult ex,0.614,T3
E072,72,319,1029.1126332869208,0.4201,Cynthia's Garchomp ex / Cynthia's Roserade,0.536,T3
E073,73,573,1028.88539561839,0.4747,Budew / Dragapult ex,1.0,T3
E074,74,203,1026.659026970282,0.3892,Dudunsparce / Mega Froslass ex,0.852,T3
E075,75,375,1024.8717546041428,0.4293,Hydrapple ex / Meganium,1.0,T3
E076,76,540,1024.6908851863595,0.4352,Mega Kangaskhan ex / Slowking,1.0,T3
E077,77,136,1024.1596135530222,0.4338,Dudunsparce / Mega Froslass ex,1.0,T3
E078,78,233,1023.8092850693416,0.4077,Dudunsparce / Mega Froslass ex,1.0,T3
E079,79,267,1023.3448448446164,0.4007,Dragapult ex / Munkidori,0.708,T3
E080,80,656,1023.0219329928136,0.5091,Crustle / Mega Kangaskhan ex,0.931,T3
E081,81,502,1022.5104984332128,0.4562,Dragapult ex / Munkidori,0.753,T3
E082,82,205,1022.1693075228496,0.4732,Alakazam / Dudunsparce,1.0,T3
E083,83,284,1021.04588303539,0.4507,Alakazam / Dudunsparce,1.0,T3
E084,84,403,1019.9280417091118,0.4268,Budew / Dragapult ex,1.0,T3
E085,85,500,1018.5650658543856,0.442,Hydrapple ex / Meganium,1.0,T3
E086,86,190,1018.5632991165844,0.3895,Dragapult ex / Dudunsparce,1.0,T3
E087,87,773,1017.1224723055192,0.4502,Hydrapple ex / Meganium,1.0,T3
E088,88,114,1017.1114868238934,0.4474,Hydrapple ex / Meganium,0.904,T3
E089,89,651,1017.060556210182,0.4578,Budew / Dragapult ex,0.823,T3
E090,90,62,1016.8652796393296,0.3548,Alakazam / Dudunsparce,1.0,T3
E091,91,160,1016.5237903564696,0.4313,Barbaracle / Okidogi,1.0,T3
E092,92,39,1014.9290982167686,0.4615,Mega Gardevoir ex / Munkidori,1.0,T3
E093,93,305,1014.7190244780828,0.4,Mega Kangaskhan ex / Slowking,1.0,T3
E094,94,43,1014.0301445487144,0.4651,Hariyama / Mega Lucario ex,1.0,T3
E095,95,328,1013.5455937159636,0.4238,Dipplin / Thwackey,0.78,T3
E096,96,168,1012.9980671776996,0.4464,Hydrapple ex / Meganium,0.774,T3
E097,97,84,1012.8115439064088,0.4762,Teal Mask Ogerpon ex,1.0,T3
E098,98,514,1012.8030654378972,0.3988,Hydrapple ex / Meganium,0.516,T3
E099,99,162,1012.439329136356,0.3704,Dudunsparce / Mega Froslass ex,1.0,T3
E100,100,263,1012.2780344635416,0.4106,Budew / Dragapult ex,1.0,T3
E101,101,43,1011.430829997193,0.4419,Crustle / Mega Kangaskhan ex,1.0,T3
E102,102,60,1011.0884733544192,0.3833,Budew / Dragapult ex,0.517,T3
E103,103,48,1010.441931416802,0.2917,Dudunsparce / Mega Froslass ex,1.0,T3
E104,104,80,1010.428187283402,0.425,Budew / Dragapult ex,1.0,T3
E105,105,447,1009.657997485062,0.4922,Dipplin / Thwackey,1.0,T3
E106,106,104,1008.8572503280916,0.3365,Budew / Dragapult ex,1.0,T3
E107,107,126,1008.8154777622278,0.4365,Hariyama / Mega Lucario ex,1.0,T3
E108,108,184,1008.6806966001028,0.4022,Budew / Dragapult ex,1.0,T3
E109,109,43,1008.6226087703288,0.4186,Hariyama / Mega Lucario ex,0.256,T3
E110,110,85,1008.5149692417756,0.4353,Dudunsparce / Mega Froslass ex,0.882,T3
E111,111,190,1008.3206634332704,0.4,Budew / Dragapult ex,0.963,T3
E112,112,312,1007.893835301762,0.4551,Hydrapple ex / Meganium,0.804,T3
E113,113,106,1007.594954655649,0.4151,Crustle / Mega Kangaskhan ex,0.83,T3
E114,114,127,1007.4606277455536,0.4016,Dudunsparce / Mega Froslass ex,0.984,T3
E115,115,527,1007.2521678875476,0.4459,Hydrapple ex / Meganium,0.888,T3
E116,116,224,1007.078456174882,0.4464,Alakazam / Dudunsparce,0.509,T3
E117,117,375,1005.4009709941296,0.4133,Dudunsparce / Mega Froslass ex,0.976,T3
E118,118,701,1005.1745992810628,0.4494,Mega Kangaskhan ex / Slowking,1.0,T3
E119,119,83,1004.9944605046708,0.4217,Hariyama / Mega Lucario ex,1.0,T3
E120,121,36,1004.0447027471844,0.4167,Crustle / Mega Kangaskhan ex,1.0,T3
E121,122,95,1003.8013095738464,0.4316,Dudunsparce / Mega Froslass ex,0.842,T3
E122,123,81,1003.7134643917752,0.358,Froslass / Marnie's Grimmsnarl ex,1.0,T3
E123,124,147,1003.5194998691128,0.415,Alakazam / Dudunsparce,1.0,T3
E124,125,100,1002.8514308645956,0.47,Budew / Dragapult ex,1.0,T3
E125,126,78,1002.6815892191128,0.3974,Crustle / Mega Kangaskhan ex,1.0,T3
E126,127,368,1002.2310395866282,0.4837,Budew / Dragapult ex,1.0,T3
E127,128,386,1001.9794153187212,0.487,Alakazam / Dudunsparce,1.0,T3
E128,129,106,1001.760613319935,0.3868,Hariyama / Mega Lucario ex,1.0,T3
E129,130,39,1001.207647910842,0.4359,Crustle / Mega Kangaskhan ex,1.0,T3
E130,131,379,1000.6873782279164,0.4274,Alakazam / Dudunsparce,1.0,T3
E131,132,171,1000.5004583015804,0.3626,Hydrapple ex / Meganium,0.719,T3
E132,133,50,998.8967914907646,0.46,Dudunsparce / Mega Froslass ex,1.0,T3
E133,134,159,998.0582071776151,0.3459,Mega Kangaskhan ex / Slowking,1.0,T3
E134,135,50,997.9624436634372,0.48,Crustle / Mega Kangaskhan ex,1.0,T3
E135,137,187,997.503979529716,0.4439,Dipplin / Thwackey,0.727,T3
E136,138,37,997.387274595744,0.4324,Froslass / Marnie's Grimmsnarl ex,0.973,T3
E137,139,76,997.2655015899772,0.4605,Budew / Dragapult ex,0.632,T3
E138,140,82,996.8298882018278,0.3415,Dudunsparce / Mega Froslass ex,1.0,T3
E139,142,45,996.0893482886914,0.4667,Crustle / Mega Kangaskhan ex,0.511,T3
E140,143,95,995.519670499289,0.4105,Alakazam / Dudunsparce,1.0,T3
E141,145,115,995.3612537795676,0.4957,Dudunsparce / Mega Froslass ex,1.0,T3
E142,147,41,994.90811901196,0.4878,Dudunsparce / Mega Froslass ex,0.902,T3
E143,150,45,993.9015842765244,0.4,Dudunsparce / Mega Froslass ex,1.0,T3
E144,151,41,993.8593764270764,0.3659,Froslass / Marnie's Grimmsnarl ex,1.0,T3
E145,152,256,993.5415164459122,0.3516,Dudunsparce / Mega Froslass ex,1.0,T3
E146,153,449,993.4742020136024,0.4454,Hydrapple ex / Meganium,0.61,T3
E147,154,65,993.4248258698382,0.4615,Budew / Dragapult ex,1.0,T3
E148,155,39,993.412001387974,0.4103,Alakazam / Dudunsparce,1.0,T3
E149,156,153,993.1703793254768,0.3987,Alakazam / Dudunsparce,1.0,T3
E150,157,103,993.1440049130445,0.4078,Budew / Dragapult ex,1.0,T3
E151,158,73,992.9645674159558,0.4658,Budew / Dragapult ex,1.0,T3
E152,160,64,992.0903313155608,0.3281,Budew / Dragapult ex,1.0,T3
E153,161,85,991.9893052660974,0.4235,Budew / Dragapult ex,1.0,T3
E154,162,78,991.8725994644268,0.4359,Hariyama / Mega Lucario ex,1.0,T3
E155,163,64,991.803965765058,0.3438,Alakazam / Dudunsparce,0.797,T3
E156,164,118,991.5256140477316,0.4068,Budew / Dragapult ex,1.0,T3
E157,165,38,991.0670952436648,0.5,Alakazam / Dudunsparce,1.0,T4
E158,166,113,990.9324067418984,0.5133,Alakazam / Dudunsparce,1.0,T4
E159,167,61,990.6154089873876,0.4262,Alakazam / Dudunsparce,1.0,T4
E160,168,769,990.4175133737156,0.459,Hydrapple ex / Meganium,0.847,T4
E161,169,106,989.9648111445724,0.4528,Hariyama / Mega Lucario ex,1.0,T4
E162,170,62,989.1860490997252,0.3548,Dudunsparce / Mega Froslass ex,1.0,T4
E163,171,56,988.6864422401412,0.6071,Dudunsparce / Mega Froslass ex,1.0,T4
E164,174,64,987.638166110092,0.4375,Froslass / Mega Starmie ex,1.0,T4
E165,175,30,987.3935137235434,0.4333,Dudunsparce / Mega Froslass ex,0.933,T4
E166,176,30,987.3816996494542,0.4,Crustle / Mega Kangaskhan ex,0.6,T4
E167,177,332,987.3792342596092,0.4398,Budew / Dragapult ex,0.684,T4
E168,178,85,986.443138841304,0.4706,Froslass / Marnie's Grimmsnarl ex,1.0,T4
E169,179,127,986.403020093172,0.378,Dudunsparce / Mega Froslass ex,1.0,T4
E170,180,63,986.1562750236416,0.3492,Budew / Dragapult ex,1.0,T4
E171,181,284,986.0951021007686,0.412,Munkidori / N’s Zoroark ex,0.581,T4
E172,182,57,985.972282067382,0.3333,Alakazam / Dudunsparce,1.0,T4
E173,183,143,985.8359417525952,0.4685,Crustle / Mega Lucario ex,1.0,T4
E174,185,124,985.3813464295636,0.4919,Dudunsparce / Mega Froslass ex,1.0,T4
E175,186,66,984.8315890532036,0.4091,Froslass / Marnie's Grimmsnarl ex,1.0,T4
E176,187,67,984.8224700113047,0.4478,Alakazam / Dudunsparce,1.0,T4
E177,189,171,984.515611895125,0.3918,Dudunsparce / Mega Froslass ex,1.0,T4
E178,190,85,984.1536722820726,0.4706,Hydrapple ex / Meganium,1.0,T4
E179,193,98,983.948153980932,0.5102,Alakazam / Dudunsparce,0.878,T4
E180,194,83,983.4812776151408,0.3614,Alakazam / Dudunsparce,0.614,T4
E181,196,44,983.230498596254,0.4091,Froslass / Marnie's Grimmsnarl ex,0.5,T4
E182,197,52,983.1834464968696,0.5,Alakazam / Dudunsparce,1.0,T4
E183,198,52,982.8672355921792,0.5,Crustle / Mega Kangaskhan ex,1.0,T4
E184,200,126,982.5333848370188,0.3651,Dudunsparce / Mega Froslass ex,1.0,T4
E185,201,43,981.6294613216838,0.4186,Alakazam / Dudunsparce,1.0,T4
E186,202,70,981.6014190792766,0.4286,Dudunsparce / Mega Froslass ex,1.0,T4
E187,203,80,981.49316559247,0.3375,Dudunsparce / Mega Froslass ex,1.0,T4
E188,205,37,980.6278843417492,0.6486,Crustle / Mega Kangaskhan ex,1.0,T4
E189,206,182,980.368414821866,0.4725,Froslass / Marnie's Grimmsnarl ex,1.0,T4
E190,208,34,980.1476486821398,0.4412,Hydrapple ex / Meganium,1.0,T4
E191,209,81,979.5055961805276,0.5309,Crustle / Mega Kangaskhan ex,1.0,T4
E192,210,30,979.0032604647324,0.5,Dudunsparce / Mega Froslass ex,1.0,T4
E193,211,97,978.9804537331694,0.4433,Hydrapple ex / Meganium,0.773,T4
E194,213,44,976.850597349428,0.4773,Budew / Dragapult ex,1.0,T4
E195,215,59,976.6380811537152,0.5763,Cynthia's Garchomp ex / Cynthia's Roserade,1.0,T4
E196,217,31,975.6019344072774,0.4194,Froslass / Marnie's Grimmsnarl ex,0.71,T4
E197,218,66,975.3895758979088,0.3636,Froslass / Marnie's Grimmsnarl ex,1.0,T4
E198,219,109,975.3817410404512,0.2936,Crustle / Mega Kangaskhan ex,1.0,T4
E199,220,129,974.499326101968,0.4186,Hydrapple ex / Meganium,0.814,T4
E200,225,56,972.1529153206347,0.3929,Froslass / Marnie's Grimmsnarl ex,0.768,T4
E201,226,87,972.1038764190738,0.3448,Alakazam / Dudunsparce,1.0,T4
E202,227,45,971.8659826407838,0.4667,Hariyama / Mega Lucario ex,0.711,T4
E203,228,48,971.7954811645812,0.4375,Froslass / Marnie's Grimmsnarl ex,1.0,T4
E204,229,60,970.4164599315776,0.5333,Dudunsparce / Mega Froslass ex,0.95,T4
E205,233,71,969.8771417911256,0.4225,Dudunsparce / Mega Froslass ex,1.0,T4
E206,234,172,968.858342821766,0.3721,Dudunsparce / Mega Lopunny ex,1.0,T4
E207,236,44,968.6681734095166,0.5682,Alakazam / Dudunsparce,1.0,T4
E208,237,148,968.5972054458034,0.4392,Dudunsparce / Mega Froslass ex,1.0,T4
E209,238,54,968.4593933892692,0.5,Froslass / Marnie's Grimmsnarl ex,1.0,T4
E210,241,40,966.530058308874,0.475,Budew / Dragapult ex,1.0,T4
E211,242,64,966.4385856145412,0.3594,Froslass / Marnie's Grimmsnarl ex,1.0,T4
E212,243,31,966.4284325317406,0.3548,Crustle / Team Rocket's Articuno,1.0,T4
E213,244,78,965.0745445609464,0.3846,Team Rocket's Mimikyu / Team Rocket's Spidops,1.0,T4
E214,245,89,964.7959331832648,0.427,Crustle / Mega Kangaskhan ex,1.0,T4
E215,248,52,963.5350482200062,0.3654,Alakazam / Dudunsparce,1.0,T4
E216,251,37,962.6167851903732,0.5676,Dipplin / Thwackey,0.811,T4
E217,254,49,960.8794251580362,0.5102,Crustle / Mega Kangaskhan ex,1.0,T4
E218,255,42,960.6268679777512,0.4048,Crustle / Mega Kangaskhan ex,0.857,T4
E219,257,163,958.9654626813344,0.3926,Alakazam / Dudunsparce,0.859,T4
E220,258,64,958.8694779706726,0.4844,Dipplin / Thwackey,1.0,T4
E221,259,61,957.349277390474,0.459,Alakazam / Dudunsparce,1.0,T4
E222,260,94,957.3043639344966,0.3936,Crustle / Mega Kangaskhan ex,1.0,T4
E223,262,41,955.5522784995758,0.3659,Chandelure / Sylveon,1.0,T4
E224,264,104,954.8592365324066,0.4904,Crustle / Mega Kangaskhan ex,0.587,T4
E225,265,30,953.9342182589296,0.1667,Hariyama / Mega Lucario ex,0.633,T4
E226,269,43,949.6442317962516,0.5116,Froslass / Marnie's Grimmsnarl ex,1.0,T4
E227,270,35,949.2270742469658,0.4,Froslass / Marnie's Grimmsnarl ex,1.0,T4
E228,273,52,947.0530700314296,0.4615,Crustle / Mega Kangaskhan ex,1.0,T4
E229,274,32,946.9830733403788,0.375,Lunatone / Mega Lucario ex,1.0,T4
E230,275,35,946.572917468179,0.2857,Froslass / Marnie's Grimmsnarl ex,1.0,T4
E231,276,31,946.1047800686082,0.3871,Lunatone / Mega Lucario ex,1.0,T4
E232,280,34,944.3567338008924,0.3824,Froslass / Marnie's Grimmsnarl ex,1.0,T4
E233,282,53,943.1318495977564,0.5094,Teal Mask Ogerpon ex,1.0,T4
E234,286,54,941.4904661402772,0.3889,Froslass / Marnie's Grimmsnarl ex,1.0,T4
E235,293,39,939.8959003094822,0.5385,Crustle / Mega Kangaskhan ex,1.0,T4
E236,296,65,938.3889597979476,0.4769,Budew / Dragapult ex,1.0,T4
E237,297,52,938.18026949309,0.4615,Froslass / Marnie's Grimmsnarl ex,1.0,T4
E238,299,36,937.138137349026,0.3611,Dudunsparce / Mega Froslass ex,1.0,T4
E239,301,139,936.995620718795,0.4317,Budew / Dragapult ex,0.655,T4
E240,304,34,935.0102598392226,0.4118,Dudunsparce / Mega Froslass ex,1.0,T4
E241,307,34,934.0660774053484,0.4706,Froslass / Marnie's Grimmsnarl ex,1.0,T4
E242,308,48,933.3472910849064,0.4792,Crustle / Mega Kangaskhan ex,1.0,T4
E243,309,55,932.1230458398104,0.4364,Froslass / Marnie's Grimmsnarl ex,1.0,T4
E244,311,48,931.8691406946368,0.4167,Froslass / Marnie's Grimmsnarl ex,1.0,T4
E245,324,35,926.6447343231416,0.3143,Alakazam / Dudunsparce,1.0,T4
E246,328,30,925.9699030872612,0.3333,Hydrapple ex / Meganium,1.0,T4
E247,357,30,917.1646245739656,0.2333,Froslass / Marnie's Grimmsnarl ex,1.0,T4
E248,374,106,911.745601191552,0.4906,Crustle / Mega Kangaskhan ex,0.642,T4
E249,384,45,909.1718742885296,0.5111,Froslass / Marnie's Grimmsnarl ex,1.0,T4
E250,388,92,908.6043908622092,0.4457,Froslass / Marnie's Grimmsnarl ex,1.0,T4
E251,404,45,905.2058981462476,0.4667,Froslass / Marnie's Grimmsnarl ex,1.0,T4
E252,448,35,893.1445821293736,0.3429,Froslass / Marnie's Grimmsnarl ex,0.514,T4
E253,463,33,887.5497311019949,0.5152,Crustle / Mega Kangaskhan ex,0.97,T4
E254,484,39,880.7899614698243,0.4103,Froslass / Marnie's Grimmsnarl ex,1.0,T4
E255,509,45,873.9146282113627,0.4444,Froslass / Marnie's Grimmsnarl ex,1.0,T4
E256,522,34,869.3710163555081,0.4118,Alakazam / Dudunsparce,1.0,T4
E257,562,32,851.3599825522472,0.3125,Froslass / Mega Starmie ex,1.0,T4
E258,604,47,830.6897007775336,0.3617,Dipplin / Rillaboom,0.979,T4
E259,1058,1063,636.5328420347872,0.508,Crustle / Mega Kangaskhan ex,1.0,T4
